-- CADASTRANDO APLICATIVOS
INSERT INTO aplicativo (aplicativo_id, nome_aplicativo) VALUES (1, 'uber');
INSERT INTO aplicativo (aplicativo_id, nome_aplicativo) VALUES (2, 'freenow');
INSERT INTO aplicativo (aplicativo_id, nome_aplicativo) VALUES (3, 'bolt');
INSERT INTO aplicativo (aplicativo_id, nome_aplicativo) VALUES (4, 'aluguer');
INSERT INTO aplicativo (aplicativo_id, nome_aplicativo) VALUES (5, 'viaverde');
INSERT INTO aplicativo (aplicativo_id, nome_aplicativo) VALUES (6, 'BP');
INSERT INTO aplicativo (aplicativo_id, nome_aplicativo) VALUES (7, 'prio');
INSERT INTO aplicativo (aplicativo_id, nome_aplicativo) VALUES (8, 'extras');

-- CADASTRANDO MOTORISTAS NO SISTEMA
INSERT INTO motorista (driver_id, driver_name, active) VALUES ('1101', 'Anacleto Fernandes', false);
INSERT INTO motorista (driver_id, driver_name, active) VALUES ('1102', 'Anik Roy', false);
INSERT INTO motorista (driver_id, driver_name, active) VALUES ('1103', 'Carlos Camisão', false);
INSERT INTO motorista (driver_id, driver_name, active) VALUES ('1104', 'Carlos Fernandes', false);
INSERT INTO motorista (driver_id, driver_name, active) VALUES ('1105', 'Carlos Pereira', false);
INSERT INTO motorista (driver_id, driver_name, active) VALUES ('1106', 'Carlos Silva', false);
INSERT INTO motorista (driver_id, driver_name, active) VALUES ('1107', 'Catia Jesus', false);
INSERT INTO motorista (driver_id, driver_name, active) VALUES ('1108', 'Daniel Silva', false);
INSERT INTO motorista (driver_id, driver_name, active) VALUES ('1110', 'Fernando Martins', false);
INSERT INTO motorista (driver_id, driver_name, active) VALUES ('1111', 'Fernando Silva', true);
INSERT INTO motorista (driver_id, driver_name, active) VALUES ('1112', 'Flávio Teixeira', false);
INSERT INTO motorista (driver_id, driver_name, active) VALUES ('1113', 'Francisco Neves', false);
INSERT INTO motorista (driver_id, driver_name, active) VALUES ('1114', 'Helder Silva', false);
INSERT INTO motorista (driver_id, driver_name, active) VALUES ('1115', 'Helder Melo', false);
INSERT INTO motorista (driver_id, driver_name, active) VALUES ('1116', 'João Carvalho', false);
INSERT INTO motorista (driver_id, driver_name, active) VALUES ('1117', 'João Ramos', false);
INSERT INTO motorista (driver_id, driver_name, active) VALUES ('1118', 'José Gianini', false);
INSERT INTO motorista (driver_id, driver_name, active) VALUES ('1119', 'José Jorge', true);
INSERT INTO motorista (driver_id, driver_name, active) VALUES ('1120', 'José Ramos', false);
INSERT INTO motorista (driver_id, driver_name, active) VALUES ('1121', 'Luis Marques', false);
INSERT INTO motorista (driver_id, driver_name, active) VALUES ('1122', 'Luis Mendes', false);
INSERT INTO motorista (driver_id, driver_name, active) VALUES ('1123', 'Manuel Martins', false);
INSERT INTO motorista (driver_id, driver_name, active) VALUES ('1124', 'Manuel Santos', false);
INSERT INTO motorista (driver_id, driver_name, active) VALUES ('1125', 'Márcio Carapichoso', false);
INSERT INTO motorista (driver_id, driver_name, active) VALUES ('1126', 'Marco Silva', false);
INSERT INTO motorista (driver_id, driver_name, active) VALUES ('1127', 'Mário Ferreira', false);
INSERT INTO motorista (driver_id, driver_name, active) VALUES ('1128', 'Mauro Veloso', false);
INSERT INTO motorista (driver_id, driver_name, active) VALUES ('1129', 'Halim Abdul', false);
INSERT INTO motorista (driver_id, driver_name, active) VALUES ('1130', 'Michael Bungart', true);
INSERT INTO motorista (driver_id, driver_name, active) VALUES ('1131', 'Muhammed Rijon', false);
INSERT INTO motorista (driver_id, driver_name, active) VALUES ('1132', 'Paulo Ramos', false);
INSERT INTO motorista (driver_id, driver_name, active) VALUES ('1133', 'Paulo Silva', false);
INSERT INTO motorista (driver_id, driver_name, active) VALUES ('1134', 'Pedro Barbosa', false);
INSERT INTO motorista (driver_id, driver_name, active) VALUES ('1135', 'Quemoel Zaratine', false);
INSERT INTO motorista (driver_id, driver_name, active) VALUES ('1136', 'Rangel Sobral', false);
INSERT INTO motorista (driver_id, driver_name, active) VALUES ('1137', 'Raphael Vieira', false);
INSERT INTO motorista (driver_id, driver_name, active) VALUES ('1138', 'Harunar Rashid', false);
INSERT INTO motorista (driver_id, driver_name, active) VALUES ('1139', 'Ricardo Gama', false);
INSERT INTO motorista (driver_id, driver_name, active) VALUES ('1140', 'Roberto Silva', false);
INSERT INTO motorista (driver_id, driver_name, active) VALUES ('1141', 'Rui Pinto', false);
INSERT INTO motorista (driver_id, driver_name, active) VALUES ('1142', 'Shiplu Chowdhury', false);
INSERT INTO motorista (driver_id, driver_name, active) VALUES ('1143', 'Simone Silva', false);
INSERT INTO motorista (driver_id, driver_name, active) VALUES ('1144', 'Tazito Gama', false);
INSERT INTO motorista (driver_id, driver_name, active) VALUES ('1145', 'Tiago Jose de Sousa Lopes', false);
INSERT INTO motorista (driver_id, driver_name, active) VALUES ('1146', 'Vítor Martins', false);
INSERT INTO motorista (driver_id, driver_name, active) VALUES ('1147', 'Vladmir Medina', false);
INSERT INTO motorista (driver_id, driver_name, active) VALUES ('1149', 'Wanderlei Conceição', false);
INSERT INTO motorista (driver_id, driver_name, active) VALUES ('1150', 'Roberto Grubhofer', false);
INSERT INTO motorista (driver_id, driver_name, active) VALUES ('1151', 'Carlos Soares', false);
INSERT INTO motorista (driver_id, driver_name, active) VALUES ('1152', 'Diogo Ferreira', false);
INSERT INTO motorista (driver_id, driver_name, active) VALUES ('1153', 'Abel Carvalho Costa', false);
INSERT INTO motorista (driver_id, driver_name, active) VALUES ('1154', 'Carlos Basílio', false);
INSERT INTO motorista (driver_id, driver_name, active) VALUES ('1155', 'Mohammed Nur', false);
INSERT INTO motorista (driver_id, driver_name, active) VALUES ('1156', 'Mário Santos', false);
INSERT INTO motorista (driver_id, driver_name, active) VALUES ('1157', 'Catarina', false);
INSERT INTO motorista (driver_id, driver_name, active) VALUES ('1158', 'Carlos Oliveira', false);
INSERT INTO motorista (driver_id, driver_name, active) VALUES ('1159', 'Dinis Manuel Bala', false);
INSERT INTO motorista (driver_id, driver_name, active) VALUES ('1160', 'António Silva', false);
INSERT INTO motorista (driver_id, driver_name, active) VALUES ('1161', 'Norberto Henriques', false);
INSERT INTO motorista (driver_id, driver_name, active) VALUES ('1162', 'Manna Roy', false);
INSERT INTO motorista (driver_id, driver_name, active) VALUES ('1163', 'Andre Manuel Roxo de sa', false);
INSERT INTO motorista (driver_id, driver_name, active) VALUES ('1164', 'Nuno Rocha', false);
INSERT INTO motorista (driver_id, driver_name, active) VALUES ('1165', 'António Oliveira', false);
INSERT INTO motorista (driver_id, driver_name, active) VALUES ('1166', 'Paulo Brito', false);
INSERT INTO motorista (driver_id, driver_name, active) VALUES ('1167', 'Md Ahmed', false);
INSERT INTO motorista (driver_id, driver_name, active) VALUES ('1168', 'Vitor Carvalho', false);
INSERT INTO motorista (driver_id, driver_name, active) VALUES ('1169', 'Paulo Moura Da Silva', false);
INSERT INTO motorista (driver_id, driver_name, active) VALUES ('1170', 'Nuno Garcez', false);
INSERT INTO motorista (driver_id, driver_name, active) VALUES ('1171', 'Orlando Guedes', false);
INSERT INTO motorista (driver_id, driver_name, active) VALUES ('1172', 'David Silva', false);
INSERT INTO motorista (driver_id, driver_name, active) VALUES ('1173', 'Lupciano Silva', false);
INSERT INTO motorista (driver_id, driver_name, active) VALUES ('1174', 'Vitor Sanches', false);
INSERT INTO motorista (driver_id, driver_name, active) VALUES ('1175', 'Hoque Anamul', false);
INSERT INTO motorista (driver_id, driver_name, active) VALUES ('1176', 'Pedro Gonçalves', true);
INSERT INTO motorista (driver_id, driver_name, active) VALUES ('1177', 'Rui Cera', false);
INSERT INTO motorista (driver_id, driver_name, active) VALUES ('1178', 'Quaresma Reis', false);
INSERT INTO motorista (driver_id, driver_name, active) VALUES ('1179', 'Manuel Marques', false);
INSERT INTO motorista (driver_id, driver_name, active) VALUES ('1180', 'João Almeida', false);
INSERT INTO motorista (driver_id, driver_name, active) VALUES ('1181', 'Tiago Freitas', false);
INSERT INTO motorista (driver_id, driver_name, active) VALUES ('1182', 'Jairo Domingos', false);
INSERT INTO motorista (driver_id, driver_name, active) VALUES ('1183', 'Suzi Sumon', false);
INSERT INTO motorista (driver_id, driver_name, active) VALUES ('1184', 'Patricia Nunes', false);
INSERT INTO motorista (driver_id, driver_name, active) VALUES ('1185', 'Mourad Lahouli', false);
INSERT INTO motorista (driver_id, driver_name, active) VALUES ('1186', 'Diogo Gil', false);
INSERT INTO motorista (driver_id, driver_name, active) VALUES ('1187', 'José Carlos', false);
INSERT INTO motorista (driver_id, driver_name, active) VALUES ('1188', 'Ricardo Pedroso', false);
INSERT INTO motorista (driver_id, driver_name, active) VALUES ('1189', 'Bruno Soares', false);
INSERT INTO motorista (driver_id, driver_name, active) VALUES ('1190', 'Raquel Vaz', false);
INSERT INTO motorista (driver_id, driver_name, active) VALUES ('1191', 'Bhavin', false);
INSERT INTO motorista (driver_id, driver_name, active) VALUES ('1192', 'João Gomes', false);
INSERT INTO motorista (driver_id, driver_name, active) VALUES ('1193', 'Paulo Ferreira', false);
INSERT INTO motorista (driver_id, driver_name, active) VALUES ('1194', 'Rúben Avó', false);
INSERT INTO motorista (driver_id, driver_name, active) VALUES ('1195', 'Hélder Mendes', false);
INSERT INTO motorista (driver_id, driver_name, active) VALUES ('1196', 'Miguel Angelo', false);
INSERT INTO motorista (driver_id, driver_name, active) VALUES ('1197', 'Hussain Ahmed', false);
INSERT INTO motorista (driver_id, driver_name, active) VALUES ('1198', 'António Raposo', false);
INSERT INTO motorista (driver_id, driver_name, active) VALUES ('1199', 'Daniel Bustamante Cunha', false);
INSERT INTO motorista (driver_id, driver_name, active) VALUES ('1200', 'Eduardo Nunes', false);
INSERT INTO motorista (driver_id, driver_name, active) VALUES ('1201', 'Ezio Fiel', false);
INSERT INTO motorista (driver_id, driver_name, active) VALUES ('1202', 'Ricardo Paiva', false);
INSERT INTO motorista (driver_id, driver_name, active) VALUES ('1203', 'Maria Santos', false);
INSERT INTO motorista (driver_id, driver_name, active) VALUES ('1204', 'Fábio Santos', false);
INSERT INTO motorista (driver_id, driver_name, active) VALUES ('1205', 'Marco Ribeiro', false);
INSERT INTO motorista (driver_id, driver_name, active) VALUES ('1206', 'Carlos Alves', false);
INSERT INTO motorista (driver_id, driver_name, active) VALUES ('1207', 'Sebastião Bailão', false);
INSERT INTO motorista (driver_id, driver_name, active) VALUES ('1208', 'Rui Belo', false);
INSERT INTO motorista (driver_id, driver_name, active) VALUES ('1209', 'Fábio Gonçalves', false);
INSERT INTO motorista (driver_id, driver_name, active) VALUES ('1210', 'Nuno Oliveira', false);
INSERT INTO motorista (driver_id, driver_name, active) VALUES ('1211', 'Marcus Almeida', false);
INSERT INTO motorista (driver_id, driver_name, active) VALUES ('1212', 'Vitor Piteira', false);
INSERT INTO motorista (driver_id, driver_name, active) VALUES ('1213', 'David Sousa', false);
INSERT INTO motorista (driver_id, driver_name, active) VALUES ('1214', 'João Sá', false);
INSERT INTO motorista (driver_id, driver_name, active) VALUES ('1215', 'Celso Vieira', false);
INSERT INTO motorista (driver_id, driver_name, active) VALUES ('1216', 'Rui Godinho', false);
INSERT INTO motorista (driver_id, driver_name, active) VALUES ('1217', 'Fabio Braga', false);
INSERT INTO motorista (driver_id, driver_name, active) VALUES ('1218', 'Vinicius Reis', false);
INSERT INTO motorista (driver_id, driver_name, active) VALUES ('1219', 'Diogo Craveiro', false);
INSERT INTO motorista (driver_id, driver_name, active) VALUES ('1220', 'Rodrigo Pascoal', false);
INSERT INTO motorista (driver_id, driver_name, active) VALUES ('1221', 'Saulo Santos', false);
INSERT INTO motorista (driver_id, driver_name, active) VALUES ('1222', 'Nelson Marques', false);
INSERT INTO motorista (driver_id, driver_name, active) VALUES ('1223', 'Murad Ahmed', false);
INSERT INTO motorista (driver_id, driver_name, active) VALUES ('1224', 'Bunty Bunty', false);
INSERT INTO motorista (driver_id, driver_name, active) VALUES ('1225', 'Anderson De Freitas', false);
INSERT INTO motorista (driver_id, driver_name, active) VALUES ('1226', 'Tiago Moraes', false);
INSERT INTO motorista (driver_id, driver_name, active) VALUES ('1227', 'Alexandre', false);
INSERT INTO motorista (driver_id, driver_name, active) VALUES ('1228', 'Hélio Vitorino', false);
INSERT INTO motorista (driver_id, driver_name, active) VALUES ('1229', 'Paulo Lima', false);
INSERT INTO motorista (driver_id, driver_name, active) VALUES ('1230', 'Pedro Dias', false);
INSERT INTO motorista (driver_id, driver_name, active) VALUES ('1231', 'Andreia Silva', false);
INSERT INTO motorista (driver_id, driver_name, active) VALUES ('1232', 'Pedro Ferreira', false);
INSERT INTO motorista (driver_id, driver_name, active) VALUES ('1233', 'Bruno Jacinto Pinto Ferreira', false);
INSERT INTO motorista (driver_id, driver_name, active) VALUES ('1234', 'José Matos', false);
INSERT INTO motorista (driver_id, driver_name, active) VALUES ('1235', 'Paula Carvalho', false);
INSERT INTO motorista (driver_id, driver_name, active) VALUES ('1236', 'João Ramusga', false);
INSERT INTO motorista (driver_id, driver_name, active) VALUES ('1237', 'António Pires', false);
INSERT INTO motorista (driver_id, driver_name, active) VALUES ('1238', 'Valdomito Filho', true);
INSERT INTO motorista (driver_id, driver_name, active) VALUES ('1239', 'Rui Pedro', false);
INSERT INTO motorista (driver_id, driver_name, active) VALUES ('1240', 'Aljune Wagacon', false);
INSERT INTO motorista (driver_id, driver_name, active) VALUES ('1241', 'Arshad Alam', false);
INSERT INTO motorista (driver_id, driver_name, active) VALUES ('1242', 'Tiago Silva', false);
INSERT INTO motorista (driver_id, driver_name, active) VALUES ('1243', 'Nuno Marques', false);
INSERT INTO motorista (driver_id, driver_name, active) VALUES ('1244', 'João Ferraz De Matos Rodarte De Almeida', false);
INSERT INTO motorista (driver_id, driver_name, active) VALUES ('1245', 'Muhammad Saghir', true);
INSERT INTO motorista (driver_id, driver_name, active) VALUES ('1246', 'Vasco Piçarra', false);
INSERT INTO motorista (driver_id, driver_name, active) VALUES ('1247', 'Danielle De Lira Souto', false);
INSERT INTO motorista (driver_id, driver_name, active) VALUES ('1248', 'Pedro Monteiro De Carvalho', false);
INSERT INTO motorista (driver_id, driver_name, active) VALUES ('1249', 'José Miranda', true);
INSERT INTO motorista (driver_id, driver_name, active) VALUES ('1250', 'Andreia Cardoso', false);
INSERT INTO motorista (driver_id, driver_name, active) VALUES ('1251', 'Gizelle Siqueira', false);
INSERT INTO motorista (driver_id, driver_name, active) VALUES ('1252', 'Eduardo Índio', false);
INSERT INTO motorista (driver_id, driver_name, active) VALUES ('1253', 'Maria João Carvalho', false);
INSERT INTO motorista (driver_id, driver_name, active) VALUES ('1254', 'Osvaldo Gomes', false);
INSERT INTO motorista (driver_id, driver_name, active) VALUES ('1255', 'Paulo Branco', false);
INSERT INTO motorista (driver_id, driver_name, active) VALUES ('1256', 'Luis Peixoto', false);
INSERT INTO motorista (driver_id, driver_name, active) VALUES ('1257', 'José Silva', false);
INSERT INTO motorista (driver_id, driver_name, active) VALUES ('1258', 'Javier Trejo', false);
INSERT INTO motorista (driver_id, driver_name, active) VALUES ('1259', 'Luiz Freitas', false);
INSERT INTO motorista (driver_id, driver_name, active) VALUES ('1260', 'Hugo Miguel Costa Lopes', false);
INSERT INTO motorista (driver_id, driver_name, active) VALUES ('1261', 'Carlos Azevedo', false);
INSERT INTO motorista (driver_id, driver_name, active) VALUES ('1262', 'Antonio Duarte', false);
INSERT INTO motorista (driver_id, driver_name, active) VALUES ('1263', 'Ana Cristina Enes Da Conceicao Rebelo', true);
INSERT INTO motorista (driver_id, driver_name, active) VALUES ('1264', 'Miguel Santos', false);
INSERT INTO motorista (driver_id, driver_name, active) VALUES ('1265', 'Bruno Marques', false);
INSERT INTO motorista (driver_id, driver_name, active) VALUES ('1266', 'Carlos Alberto', false);
INSERT INTO motorista (driver_id, driver_name, active) VALUES ('1267', 'Mohd Rahman', true);
INSERT INTO motorista (driver_id, driver_name, active) VALUES ('1268', 'Osvaldo Amaral', true);
INSERT INTO motorista (driver_id, driver_name, active) VALUES ('1269', 'Manuel Fernando De Sousa Marques', true);
INSERT INTO motorista (driver_id, driver_name, active) VALUES ('1270', 'Fabio Melo', false);
INSERT INTO motorista (driver_id, driver_name, active) VALUES ('1271', 'Vitor Soares', false);
INSERT INTO motorista (driver_id, driver_name, active) VALUES ('1272', 'Gabriel Ferreira', false);
INSERT INTO motorista (driver_id, driver_name, active) VALUES ('1273', 'Nuno Conceição', false);
INSERT INTO motorista (driver_id, driver_name, active) VALUES ('1274', 'Sandra Gomes', true);
INSERT INTO motorista (driver_id, driver_name, active) VALUES ('1275', 'Paula Lima', false);
INSERT INTO motorista (driver_id, driver_name, active) VALUES ('1276', 'Carlos Jasse', true);
INSERT INTO motorista (driver_id, driver_name, active) VALUES ('1277', 'Miguel Silva', false);
INSERT INTO motorista (driver_id, driver_name, active) VALUES ('1278', 'Jose Moreira', false);
INSERT INTO motorista (driver_id, driver_name, active) VALUES ('1279', 'Marcus dos Santos', true);
INSERT INTO motorista (driver_id, driver_name, active) VALUES ('1280', 'Sukhwinder Singh', true);
INSERT INTO motorista (driver_id, driver_name, active) VALUES ('1281', 'Feliciano Augusto Pereira Da Silva', true);
INSERT INTO motorista (driver_id, driver_name, active) VALUES ('1282', 'Ahmmed Belal', true);
INSERT INTO motorista (driver_id, driver_name, active) VALUES ('1283', 'Marcia Martins', true);
INSERT INTO motorista (driver_id, driver_name, active) VALUES ('1284', 'Jose Honrado', true);
INSERT INTO motorista (driver_id, driver_name, active) VALUES ('1285', 'Jose Maia', false);
INSERT INTO motorista (driver_id, driver_name, active) VALUES ('1286', 'Maxwell Lagares', false);
INSERT INTO motorista (driver_id, driver_name, active) VALUES ('1287', 'Afonso Pinheiro Dos Santos', false);
INSERT INTO motorista (driver_id, driver_name, active) VALUES ('1288', 'Eurico Pereira', true);
INSERT INTO motorista (driver_id, driver_name, active) VALUES ('1289', 'Paulo Costa', true);
INSERT INTO motorista (driver_id, driver_name, active) VALUES ('1290', 'Amandeep Singh', false);
INSERT INTO motorista (driver_id, driver_name, active) VALUES ('1291', 'Emilio Matos', true);
INSERT INTO motorista (driver_id, driver_name, active) VALUES ('1292', 'Amandeep Braich', true);
INSERT INTO motorista (driver_id, driver_name, active) VALUES ('1293', 'Joao Coimbra', true);
INSERT INTO motorista (driver_id, driver_name, active) VALUES ('1294', 'Md Sayem Mahmud', true);
INSERT INTO motorista (driver_id, driver_name, active) VALUES ('1295', 'Sabuj Barua', true);
INSERT INTO motorista (driver_id, driver_name, active) VALUES ('1296', 'Isaias Silva', true);

-- CADASTRANDO MOTORISTAS NA UBER
INSERT INTO cadastro (cadastro_id, numero_aplicativo, aplicativo_id, driver_id) 
    VALUES ('1', 'a1bcab74-0648-4e84-91dc-56ee378e53a8', 1, '1111');
INSERT INTO cadastro (cadastro_id, numero_aplicativo, aplicativo_id, driver_id) 
    VALUES ('2', '9c38739d-1067-464f-8a05-4dd81aae3911', 1, '1119');
INSERT INTO cadastro (cadastro_id, numero_aplicativo, aplicativo_id, driver_id) 
    VALUES ('3', '70a4ef5a-6f1d-4a76-8903-fb4de0b23a41', 1, '1130');
INSERT INTO cadastro (cadastro_id, numero_aplicativo, aplicativo_id, driver_id) 
    VALUES ('4', 'f1612d5a-fa40-40be-8f46-9f4b89cf6bf9', 1, '1176');
INSERT INTO cadastro (cadastro_id, numero_aplicativo, aplicativo_id, driver_id) 
    VALUES ('5', '8d625ae8-6dde-4cde-94f6-c71e17e94782', 1, '1238');
INSERT INTO cadastro (cadastro_id, numero_aplicativo, aplicativo_id, driver_id) 
    VALUES ('6', '56d0938d-5ee0-47e5-b166-51cef025c168', 1, '1245');
INSERT INTO cadastro (cadastro_id, numero_aplicativo, aplicativo_id, driver_id) 
    VALUES ('7', 'fb5db551-e457-49c9-9f34-7f3f9014a30c', 1, '1255');
INSERT INTO cadastro (cadastro_id, numero_aplicativo, aplicativo_id, driver_id) 
    VALUES ('8', 'c3e34889-23dc-4730-97d6-c3dcf378c765', 1, '1267');
INSERT INTO cadastro (cadastro_id, numero_aplicativo, aplicativo_id, driver_id) 
    VALUES ('9', '4205a354-0946-408d-aa86-caf97f3f55b8', 1, '1268');
INSERT INTO cadastro (cadastro_id, numero_aplicativo, aplicativo_id, driver_id) 
    VALUES ('10', '3f2e5c4b-6542-43fb-8a57-05867868924d', 1, '1269');
INSERT INTO cadastro (cadastro_id, numero_aplicativo, aplicativo_id, driver_id) 
    VALUES ('11', '897cf2a2-5a13-4e05-8e01-66557d480f75', 1, '1274');
INSERT INTO cadastro (cadastro_id, numero_aplicativo, aplicativo_id, driver_id) 
    VALUES ('12', '40faf7da-2fe5-459b-9029-0abf6d3fdc1f', 1, '1276');
INSERT INTO cadastro (cadastro_id, numero_aplicativo, aplicativo_id, driver_id) 
    VALUES ('13', '6ad90137-b12b-448a-84e2-97197a0f76de', 1, '1279');
INSERT INTO cadastro (cadastro_id, numero_aplicativo, aplicativo_id, driver_id) 
    VALUES ('14', 'bec6d4d3-3e13-43e1-916e-ba25b377dba1', 1, '1280');
INSERT INTO cadastro (cadastro_id, numero_aplicativo, aplicativo_id, driver_id) 
    VALUES ('15', 'fe0d5af4-5df8-4ada-af2a-982fad728091', 1, '1282');
INSERT INTO cadastro (cadastro_id, numero_aplicativo, aplicativo_id, driver_id) 
    VALUES ('16', '1ec93396-8564-40e2-8dfd-73de612c5096', 1, '1283');
INSERT INTO cadastro (cadastro_id, numero_aplicativo, aplicativo_id, driver_id) 
    VALUES ('17', '32eb7573-4548-4241-bf0c-1ca5c7d0a9c2', 1, '1284');
INSERT INTO cadastro (cadastro_id, numero_aplicativo, aplicativo_id, driver_id) 
    VALUES ('18', 'ab44d5a6-3841-4b16-88fb-f80bbb8dcdfd', 1, '1289');
INSERT INTO cadastro (cadastro_id, numero_aplicativo, aplicativo_id, driver_id) 
    VALUES ('19', '4e19285e-cb31-4236-974c-8f52cc37b19c', 1, '1292');
INSERT INTO cadastro (cadastro_id, numero_aplicativo, aplicativo_id, driver_id) 
    VALUES ('20', '585704f4-8f3f-478d-8b7d-edf31a43931f', 1, '1293');
INSERT INTO cadastro (cadastro_id, numero_aplicativo, aplicativo_id, driver_id) 
    VALUES ('21', '6fe3f624-a1e4-479a-9c94-dc5f00178616', 1, '1294');
INSERT INTO cadastro (cadastro_id, numero_aplicativo, aplicativo_id, driver_id) 
    VALUES ('22', '5eb8d504-a8fa-4223-82c3-575dfec1a6dd', 1, '1295');
INSERT INTO cadastro (cadastro_id, numero_aplicativo, aplicativo_id, driver_id) 
    VALUES ('23', 'fe5f43b6-4ae5-45cc-8a9b-890752a3bbb8', 1, '1296');

-- CADASTRANDO MOTORISTAS NA FREENOW
INSERT INTO cadastro (cadastro_id, numero_aplicativo, aplicativo_id, driver_id) 
    VALUES ('24', '7214PG', 2, '1176');
INSERT INTO cadastro (cadastro_id, numero_aplicativo, aplicativo_id, driver_id) 
    VALUES ('25', '6615CJ', 2, '1268');
INSERT INTO cadastro (cadastro_id, numero_aplicativo, aplicativo_id, driver_id) 
    VALUES ('26', '6615CJ', 2, '1276');
INSERT INTO cadastro (cadastro_id, numero_aplicativo, aplicativo_id, driver_id) 
    VALUES ('27', '3515SS', 2, '1280');
INSERT INTO cadastro (cadastro_id, numero_aplicativo, aplicativo_id, driver_id) 
    VALUES ('28', '6522MM', 2, '1283');
INSERT INTO cadastro (cadastro_id, numero_aplicativo, aplicativo_id, driver_id) 
    VALUES ('29', '1491IS', 2, '1296');

-- CADASTRANDO MOTORISTAS NA BOLT
INSERT INTO cadastro (cadastro_id, numero_aplicativo, aplicativo_id, driver_id) 
    VALUES ('30', '1111', 3, '1111');
INSERT INTO cadastro (cadastro_id, numero_aplicativo, aplicativo_id, driver_id) 
    VALUES ('31', '1119', 3, '1119');
INSERT INTO cadastro (cadastro_id, numero_aplicativo, aplicativo_id, driver_id) 
    VALUES ('32', '1130', 3, '1130');
INSERT INTO cadastro (cadastro_id, numero_aplicativo, aplicativo_id, driver_id) 
    VALUES ('33', '1238', 3, '1238');
INSERT INTO cadastro (cadastro_id, numero_aplicativo, aplicativo_id, driver_id) 
    VALUES ('34', '1245', 3, '1245');
INSERT INTO cadastro (cadastro_id, numero_aplicativo, aplicativo_id, driver_id) 
    VALUES ('35', '1249', 3, '1249');
INSERT INTO cadastro (cadastro_id, numero_aplicativo, aplicativo_id, driver_id) 
    VALUES ('36', '1255', 3, '1255');
INSERT INTO cadastro (cadastro_id, numero_aplicativo, aplicativo_id, driver_id) 
    VALUES ('37', '1263', 3, '1263');
INSERT INTO cadastro (cadastro_id, numero_aplicativo, aplicativo_id, driver_id) 
    VALUES ('38', '1267', 3, '1267');
INSERT INTO cadastro (cadastro_id, numero_aplicativo, aplicativo_id, driver_id) 
    VALUES ('39', '1268', 3, '1268');
INSERT INTO cadastro (cadastro_id, numero_aplicativo, aplicativo_id, driver_id) 
    VALUES ('40', '1269', 3, '1269');
INSERT INTO cadastro (cadastro_id, numero_aplicativo, aplicativo_id, driver_id) 
    VALUES ('41', '1274', 3, '1274');
INSERT INTO cadastro (cadastro_id, numero_aplicativo, aplicativo_id, driver_id) 
    VALUES ('42', '1276', 3, '1276');
INSERT INTO cadastro (cadastro_id, numero_aplicativo, aplicativo_id, driver_id) 
    VALUES ('43', '1279', 3, '1279');
INSERT INTO cadastro (cadastro_id, numero_aplicativo, aplicativo_id, driver_id) 
    VALUES ('44', '1280', 3, '1280');
INSERT INTO cadastro (cadastro_id, numero_aplicativo, aplicativo_id, driver_id) 
    VALUES ('45', '1282', 3, '1282');
INSERT INTO cadastro (cadastro_id, numero_aplicativo, aplicativo_id, driver_id) 
    VALUES ('46', '1283', 3, '1283');
INSERT INTO cadastro (cadastro_id, numero_aplicativo, aplicativo_id, driver_id) 
    VALUES ('47', '1284', 3, '1284');
INSERT INTO cadastro (cadastro_id, numero_aplicativo, aplicativo_id, driver_id) 
    VALUES ('48', '1288', 3, '1288');
INSERT INTO cadastro (cadastro_id, numero_aplicativo, aplicativo_id, driver_id) 
    VALUES ('49', '1289', 3, '1289');
INSERT INTO cadastro (cadastro_id, numero_aplicativo, aplicativo_id, driver_id) 
    VALUES ('50', '1293', 3, '1293');
INSERT INTO cadastro (cadastro_id, numero_aplicativo, aplicativo_id, driver_id) 
    VALUES ('51', '1294', 3, '1294');
INSERT INTO cadastro (cadastro_id, numero_aplicativo, aplicativo_id, driver_id) 
    VALUES ('52', '1295', 3, '1295');
INSERT INTO cadastro (cadastro_id, numero_aplicativo, aplicativo_id, driver_id) 
    VALUES ('53', '1296', 3, '1296');

-- CADASTRANDO MOTORISTAS NA ALUGUER
INSERT INTO cadastro (cadastro_id, numero_aplicativo, aplicativo_id, driver_id) 
    VALUES ('54', '1111', 4, '1111');
INSERT INTO cadastro (cadastro_id, numero_aplicativo, aplicativo_id, driver_id) 
    VALUES ('55', '1119', 4, '1119');
INSERT INTO cadastro (cadastro_id, numero_aplicativo, aplicativo_id, driver_id) 
    VALUES ('56', '1130', 4, '1130');
INSERT INTO cadastro (cadastro_id, numero_aplicativo, aplicativo_id, driver_id) 
    VALUES ('57', '1176', 4, '1176');
INSERT INTO cadastro (cadastro_id, numero_aplicativo, aplicativo_id, driver_id) 
    VALUES ('58', '1238', 4, '1238');
INSERT INTO cadastro (cadastro_id, numero_aplicativo, aplicativo_id, driver_id) 
    VALUES ('59', '1245', 4, '1245');
INSERT INTO cadastro (cadastro_id, numero_aplicativo, aplicativo_id, driver_id) 
    VALUES ('65', '1249', 4, '1249');
INSERT INTO cadastro (cadastro_id, numero_aplicativo, aplicativo_id, driver_id) 
    VALUES ('60', '1263', 4, '1263');
INSERT INTO cadastro (cadastro_id, numero_aplicativo, aplicativo_id, driver_id) 
    VALUES ('61', '1267', 4, '1267');
INSERT INTO cadastro (cadastro_id, numero_aplicativo, aplicativo_id, driver_id) 
    VALUES ('62', '1268', 4, '1268');
INSERT INTO cadastro (cadastro_id, numero_aplicativo, aplicativo_id, driver_id) 
    VALUES ('63', '1269', 4, '1269');
INSERT INTO cadastro (cadastro_id, numero_aplicativo, aplicativo_id, driver_id) 
    VALUES ('64', '1274', 4, '1274');
INSERT INTO cadastro (cadastro_id, numero_aplicativo, aplicativo_id, driver_id) 
    VALUES ('66', '1276', 4, '1276');
INSERT INTO cadastro (cadastro_id, numero_aplicativo, aplicativo_id, driver_id) 
    VALUES ('67', '1279', 4, '1279');
INSERT INTO cadastro (cadastro_id, numero_aplicativo, aplicativo_id, driver_id) 
    VALUES ('68', '1280', 4, '1280');
INSERT INTO cadastro (cadastro_id, numero_aplicativo, aplicativo_id, driver_id) 
    VALUES ('69', '1281', 4, '1281');
INSERT INTO cadastro (cadastro_id, numero_aplicativo, aplicativo_id, driver_id) 
    VALUES ('70', '1282', 4, '1282');
INSERT INTO cadastro (cadastro_id, numero_aplicativo, aplicativo_id, driver_id) 
    VALUES ('71', '1283', 4, '1283');
INSERT INTO cadastro (cadastro_id, numero_aplicativo, aplicativo_id, driver_id) 
    VALUES ('72', '1284', 4, '1284');
INSERT INTO cadastro (cadastro_id, numero_aplicativo, aplicativo_id, driver_id) 
    VALUES ('73', '1288', 4, '1288');
INSERT INTO cadastro (cadastro_id, numero_aplicativo, aplicativo_id, driver_id) 
    VALUES ('74', '1289', 4, '1289');
INSERT INTO cadastro (cadastro_id, numero_aplicativo, aplicativo_id, driver_id) 
    VALUES ('75', '1291', 4, '1291');
INSERT INTO cadastro (cadastro_id, numero_aplicativo, aplicativo_id, driver_id) 
    VALUES ('76', '1292', 4, '1292');
INSERT INTO cadastro (cadastro_id, numero_aplicativo, aplicativo_id, driver_id) 
    VALUES ('77', '1293', 4, '1293');
INSERT INTO cadastro (cadastro_id, numero_aplicativo, aplicativo_id, driver_id) 
    VALUES ('78', '1294', 4, '1294');
INSERT INTO cadastro (cadastro_id, numero_aplicativo, aplicativo_id, driver_id) 
    VALUES ('79', '1295', 4, '1295');
INSERT INTO cadastro (cadastro_id, numero_aplicativo, aplicativo_id, driver_id) 
    VALUES ('80', '1296', 4, '1296');

-- CADASTRANDO MOTORISTAS NA VIAVERDE

INSERT INTO cadastro (cadastro_id, numero_aplicativo, aplicativo_id, driver_id) 
    VALUES ('81', '320280285588', 5, '1111');
INSERT INTO cadastro (cadastro_id, numero_aplicativo, aplicativo_id, driver_id) 
    VALUES ('82', '320280245459', 5, '1119');
INSERT INTO cadastro (cadastro_id, numero_aplicativo, aplicativo_id, driver_id) 
    VALUES ('83', '320280245590', 5, '1130');
INSERT INTO cadastro (cadastro_id, numero_aplicativo, aplicativo_id, driver_id) 
    VALUES ('84', '320280245582', 5, '1176');
INSERT INTO cadastro (cadastro_id, numero_aplicativo, aplicativo_id, driver_id) 
    VALUES ('85', '320280285570', 5, '1238');
INSERT INTO cadastro (cadastro_id, numero_aplicativo, aplicativo_id, driver_id) 
    VALUES ('86', '320280245848', 5, '1245');
INSERT INTO cadastro (cadastro_id, numero_aplicativo, aplicativo_id, driver_id) 
    VALUES ('87', '320280285711', 5, '1263');
INSERT INTO cadastro (cadastro_id, numero_aplicativo, aplicativo_id, driver_id) 
    VALUES ('88', '320280245822', 5, '1267');
INSERT INTO cadastro (cadastro_id, numero_aplicativo, aplicativo_id, driver_id) 
    VALUES ('89', '320280285737', 5, '1268');
INSERT INTO cadastro (cadastro_id, numero_aplicativo, aplicativo_id, driver_id) 
    VALUES ('90', '320280245921', 5, '1269');
INSERT INTO cadastro (cadastro_id, numero_aplicativo, aplicativo_id, driver_id) 
    VALUES ('91', '320280285844', 5, '1274');
INSERT INTO cadastro (cadastro_id, numero_aplicativo, aplicativo_id, driver_id) 
    VALUES ('92', '320280245509', 5, '1249');
INSERT INTO cadastro (cadastro_id, numero_aplicativo, aplicativo_id, driver_id) 
    VALUES ('93', '320280285497', 5, '1276');
INSERT INTO cadastro (cadastro_id, numero_aplicativo, aplicativo_id, driver_id) 
    VALUES ('94', '320280285166', 5, '1279');
INSERT INTO cadastro (cadastro_id, numero_aplicativo, aplicativo_id, driver_id) 
    VALUES ('95', '320290212200', 5, '1280');
INSERT INTO cadastro (cadastro_id, numero_aplicativo, aplicativo_id, driver_id) 
    VALUES ('96', '320280285125', 5, '1281');
INSERT INTO cadastro (cadastro_id, numero_aplicativo, aplicativo_id, driver_id) 
    VALUES ('97', '320280285612', 5, '1282');
INSERT INTO cadastro (cadastro_id, numero_aplicativo, aplicativo_id, driver_id) 
    VALUES ('98', '320290783127', 5, '1283');
INSERT INTO cadastro (cadastro_id, numero_aplicativo, aplicativo_id, driver_id) 
    VALUES ('99', '320290783796', 5, '1284');
INSERT INTO cadastro (cadastro_id, numero_aplicativo, aplicativo_id, driver_id) 
    VALUES ('100', '320290783630', 5, '1288');
INSERT INTO cadastro (cadastro_id, numero_aplicativo, aplicativo_id, driver_id) 
    VALUES ('101', '320290783929', 5, '1289');
INSERT INTO cadastro (cadastro_id, numero_aplicativo, aplicativo_id, driver_id) 
    VALUES ('102', 'b320280285869', 5, '1291');
INSERT INTO cadastro (cadastro_id, numero_aplicativo, aplicativo_id, driver_id) 
    VALUES ('103', '320290212663', 5, '1292');
INSERT INTO cadastro (cadastro_id, numero_aplicativo, aplicativo_id, driver_id) 
    VALUES ('104', '320290783135', 5, '1293');
INSERT INTO cadastro (cadastro_id, numero_aplicativo, aplicativo_id, driver_id) 
    VALUES ('105', '320280285869', 5, '1294');
INSERT INTO cadastro (cadastro_id, numero_aplicativo, aplicativo_id, driver_id) 
    VALUES ('106', '320280285364', 5, '1295');
INSERT INTO cadastro (cadastro_id, numero_aplicativo, aplicativo_id, driver_id) 
    VALUES ('107', '320290212689', 5, '1296');

-- CADASTRANDO MOTORISTAS NA BP

INSERT INTO cadastro (cadastro_id, numero_aplicativo, aplicativo_id, driver_id) 
    VALUES ('108', '1073', 6, '1111');
INSERT INTO cadastro (cadastro_id, numero_aplicativo, aplicativo_id, driver_id) 
    VALUES ('109', '1008', 6, '1119');
INSERT INTO cadastro (cadastro_id, numero_aplicativo, aplicativo_id, driver_id) 
    VALUES ('110', '34', 6, '1130');
INSERT INTO cadastro (cadastro_id, numero_aplicativo, aplicativo_id, driver_id) 
    VALUES ('111', '422', 6, '1176');
INSERT INTO cadastro (cadastro_id, numero_aplicativo, aplicativo_id, driver_id) 
    VALUES ('112', '687', 6, '1238');
INSERT INTO cadastro (cadastro_id, numero_aplicativo, aplicativo_id, driver_id) 
    VALUES ('113', '398', 6, '1245');
INSERT INTO cadastro (cadastro_id, numero_aplicativo, aplicativo_id, driver_id) 
    VALUES ('114', '653', 6, '1263');
INSERT INTO cadastro (cadastro_id, numero_aplicativo, aplicativo_id, driver_id) 
    VALUES ('115', '638', 6, '1267');
INSERT INTO cadastro (cadastro_id, numero_aplicativo, aplicativo_id, driver_id) 
    VALUES ('116', 'a588', 6, '1281');

-- CADASTRANDO MOTORISTAS NA PRIO

INSERT INTO cadastro (cadastro_id, numero_aplicativo, aplicativo_id, driver_id) 
    VALUES ('117', 'b43-TH-32', 7, '1111');
INSERT INTO cadastro (cadastro_id, numero_aplicativo, aplicativo_id, driver_id) 
    VALUES ('118', '39-XP-35', 7, '1119');
INSERT INTO cadastro (cadastro_id, numero_aplicativo, aplicativo_id, driver_id) 
    VALUES ('119', '82-VE-43', 7, '1130');
INSERT INTO cadastro (cadastro_id, numero_aplicativo, aplicativo_id, driver_id) 
    VALUES ('120', '60-XL-51', 7, '1176');
INSERT INTO cadastro (cadastro_id, numero_aplicativo, aplicativo_id, driver_id) 
    VALUES ('121', '60-XL-43', 7, '1238');
INSERT INTO cadastro (cadastro_id, numero_aplicativo, aplicativo_id, driver_id) 
    VALUES ('122', 'b50-UT-87', 7, '1245');
INSERT INTO cadastro (cadastro_id, numero_aplicativo, aplicativo_id, driver_id) 
    VALUES ('123', '96-TS-09', 7, '1263');
INSERT INTO cadastro (cadastro_id, numero_aplicativo, aplicativo_id, driver_id) 
    VALUES ('124', '23-VQ-21', 7, '1267');
INSERT INTO cadastro (cadastro_id, numero_aplicativo, aplicativo_id, driver_id) 
    VALUES ('125', '81-SO-24', 7, '1268');
INSERT INTO cadastro (cadastro_id, numero_aplicativo, aplicativo_id, driver_id) 
    VALUES ('126', '41-XA-05', 7, '1269');
INSERT INTO cadastro (cadastro_id, numero_aplicativo, aplicativo_id, driver_id) 
    VALUES ('127', '50-54-IF', 7, '1274');
INSERT INTO cadastro (cadastro_id, numero_aplicativo, aplicativo_id, driver_id) 
    VALUES ('128', '81-TR-09', 7, '1249');
INSERT INTO cadastro (cadastro_id, numero_aplicativo, aplicativo_id, driver_id) 
    VALUES ('129', '63-XP-00', 7, '1276');
INSERT INTO cadastro (cadastro_id, numero_aplicativo, aplicativo_id, driver_id) 
    VALUES ('130', '79-TU-36', 7, '1279');
INSERT INTO cadastro (cadastro_id, numero_aplicativo, aplicativo_id, driver_id) 
    VALUES ('131', '71-UH-01', 7, '1280');
INSERT INTO cadastro (cadastro_id, numero_aplicativo, aplicativo_id, driver_id) 
    VALUES ('132', '06-13-MO', 7, '1281');
INSERT INTO cadastro (cadastro_id, numero_aplicativo, aplicativo_id, driver_id) 
    VALUES ('133', '37-XP-86', 7, '1282');
INSERT INTO cadastro (cadastro_id, numero_aplicativo, aplicativo_id, driver_id) 
    VALUES ('134', '99-XL-54', 7, '1283');
INSERT INTO cadastro (cadastro_id, numero_aplicativo, aplicativo_id, driver_id) 
    VALUES ('135', '54-VD-44', 7, '1284');
INSERT INTO cadastro (cadastro_id, numero_aplicativo, aplicativo_id, driver_id) 
    VALUES ('136', '37-XS-69', 7, '1288');
INSERT INTO cadastro (cadastro_id, numero_aplicativo, aplicativo_id, driver_id) 
    VALUES ('137', '67-UN-45', 7, '1289');
INSERT INTO cadastro (cadastro_id, numero_aplicativo, aplicativo_id, driver_id) 
    VALUES ('138', 'b04-XR-26', 7, '1291');
INSERT INTO cadastro (cadastro_id, numero_aplicativo, aplicativo_id, driver_id) 
    VALUES ('139', '43-XA-12', 7, '1292');
INSERT INTO cadastro (cadastro_id, numero_aplicativo, aplicativo_id, driver_id) 
    VALUES ('140', '49-XC-15', 7, '1293');
INSERT INTO cadastro (cadastro_id, numero_aplicativo, aplicativo_id, driver_id) 
    VALUES ('141', '04-XR-26', 7, '1294');
INSERT INTO cadastro (cadastro_id, numero_aplicativo, aplicativo_id, driver_id) 
    VALUES ('142', '23-XC-57', 7, '1295');
INSERT INTO cadastro (cadastro_id, numero_aplicativo, aplicativo_id, driver_id) 
    VALUES ('143', '67-UN-49', 7, '1296');

-- CADASTRANDO MOTORISTAS NA EXTRAS

INSERT INTO cadastro (cadastro_id, numero_aplicativo, aplicativo_id, driver_id) 
    VALUES ('144', '1111', 8, '1111');
INSERT INTO cadastro (cadastro_id, numero_aplicativo, aplicativo_id, driver_id) 
    VALUES ('145', '1119', 8, '1119');
INSERT INTO cadastro (cadastro_id, numero_aplicativo, aplicativo_id, driver_id) 
    VALUES ('146', '1130', 8, '1130');
INSERT INTO cadastro (cadastro_id, numero_aplicativo, aplicativo_id, driver_id) 
    VALUES ('147', '1176', 8, '1176');
INSERT INTO cadastro (cadastro_id, numero_aplicativo, aplicativo_id, driver_id) 
    VALUES ('148', '1238', 8, '1238');
INSERT INTO cadastro (cadastro_id, numero_aplicativo, aplicativo_id, driver_id) 
    VALUES ('149', '1245', 8, '1245');
INSERT INTO cadastro (cadastro_id, numero_aplicativo, aplicativo_id, driver_id) 
    VALUES ('150', '1249', 8, '1249');
INSERT INTO cadastro (cadastro_id, numero_aplicativo, aplicativo_id, driver_id) 
    VALUES ('151', '1263', 8, '1263');
INSERT INTO cadastro (cadastro_id, numero_aplicativo, aplicativo_id, driver_id) 
    VALUES ('152', '1267', 8, '1267');
INSERT INTO cadastro (cadastro_id, numero_aplicativo, aplicativo_id, driver_id) 
    VALUES ('153', '1268', 8, '1268');
INSERT INTO cadastro (cadastro_id, numero_aplicativo, aplicativo_id, driver_id) 
    VALUES ('154', '1269', 8, '1269');
INSERT INTO cadastro (cadastro_id, numero_aplicativo, aplicativo_id, driver_id) 
    VALUES ('155', '1274', 8, '1274');
INSERT INTO cadastro (cadastro_id, numero_aplicativo, aplicativo_id, driver_id) 
    VALUES ('156', '1276', 8, '1276');
INSERT INTO cadastro (cadastro_id, numero_aplicativo, aplicativo_id, driver_id) 
    VALUES ('157', '1279', 8, '1279');
INSERT INTO cadastro (cadastro_id, numero_aplicativo, aplicativo_id, driver_id) 
    VALUES ('158', '1280', 8, '1280');
INSERT INTO cadastro (cadastro_id, numero_aplicativo, aplicativo_id, driver_id) 
    VALUES ('159', '1281', 8, '1281');
INSERT INTO cadastro (cadastro_id, numero_aplicativo, aplicativo_id, driver_id) 
    VALUES ('160', '1282', 8, '1282');
INSERT INTO cadastro (cadastro_id, numero_aplicativo, aplicativo_id, driver_id) 
    VALUES ('161', '1283', 8, '1283');
INSERT INTO cadastro (cadastro_id, numero_aplicativo, aplicativo_id, driver_id) 
    VALUES ('162', '1284', 8, '1284');
INSERT INTO cadastro (cadastro_id, numero_aplicativo, aplicativo_id, driver_id) 
    VALUES ('163', '1288', 8, '1288');
INSERT INTO cadastro (cadastro_id, numero_aplicativo, aplicativo_id, driver_id) 
    VALUES ('164', '1289', 8, '1289');
INSERT INTO cadastro (cadastro_id, numero_aplicativo, aplicativo_id, driver_id) 
    VALUES ('165', '1291', 8, '1291');
INSERT INTO cadastro (cadastro_id, numero_aplicativo, aplicativo_id, driver_id) 
    VALUES ('166', '1292', 8, '1292');
INSERT INTO cadastro (cadastro_id, numero_aplicativo, aplicativo_id, driver_id) 
    VALUES ('167', '1293', 8, '1293');
INSERT INTO cadastro (cadastro_id, numero_aplicativo, aplicativo_id, driver_id) 
    VALUES ('168', '1294', 8, '1294');
INSERT INTO cadastro (cadastro_id, numero_aplicativo, aplicativo_id, driver_id) 
    VALUES ('169', '1295', 8, '1295');
INSERT INTO cadastro (cadastro_id, numero_aplicativo, aplicativo_id, driver_id) 
    VALUES ('170', '1296', 8, '1296');

-- UBER INSERT NA TABELA DE REGISTROS
INSERT INTO registros (cadastro_id, valor, registro_data) 
    VALUES ('1', 0.5, '2021-09-13');
INSERT INTO registros (cadastro_id, valor, registro_data) 
    VALUES ('1', 10.27, '2021-09-14');
INSERT INTO registros (cadastro_id, valor, registro_data) 
    VALUES ('1', 6.4, '2021-09-14');
INSERT INTO registros (cadastro_id, valor, registro_data) 
    VALUES ('1', 3.38, '2021-09-14');
INSERT INTO registros (cadastro_id, valor, registro_data) 
    VALUES ('1', 8.13, '2021-09-14');
INSERT INTO registros (cadastro_id, valor, registro_data) 
    VALUES ('1', 3.5, '2021-09-14');
INSERT INTO registros (cadastro_id, valor, registro_data) 
    VALUES ('1', 4.64, '2021-09-14');
INSERT INTO registros (cadastro_id, valor, registro_data) 
    VALUES ('1', 3.18, '2021-09-15');
INSERT INTO registros (cadastro_id, valor, registro_data) 
    VALUES ('1', 2.54, '2021-09-15');
INSERT INTO registros (cadastro_id, valor, registro_data) 
    VALUES ('1', 13.44, '2021-09-15');
INSERT INTO registros (cadastro_id, valor, registro_data) 
    VALUES ('1', 11.26, '2021-09-15');
INSERT INTO registros (cadastro_id, valor, registro_data) 
    VALUES ('1', 3.34, '2021-09-15');
INSERT INTO registros (cadastro_id, valor, registro_data) 
    VALUES ('1', 8.5, '2021-09-15');
INSERT INTO registros (cadastro_id, valor, registro_data) 
    VALUES ('1', 8.22, '2021-09-15');
INSERT INTO registros (cadastro_id, valor, registro_data) 
    VALUES ('1', 9.73, '2021-09-16');
INSERT INTO registros (cadastro_id, valor, registro_data) 
    VALUES ('1', 4.48, '2021-09-16');
INSERT INTO registros (cadastro_id, valor, registro_data) 
    VALUES ('1', 4.0, '2021-09-16');
INSERT INTO registros (cadastro_id, valor, registro_data) 
    VALUES ('1', 5.19, '2021-09-16');
INSERT INTO registros (cadastro_id, valor, registro_data) 
    VALUES ('1', 4.23, '2021-09-17');
INSERT INTO registros (cadastro_id, valor, registro_data) 
    VALUES ('1', 5.86, '2021-09-17');
INSERT INTO registros (cadastro_id, valor, registro_data) 
    VALUES ('1', 2.0, '2021-09-17');
INSERT INTO registros (cadastro_id, valor, registro_data) 
    VALUES ('1', 12.2, '2021-09-17');
INSERT INTO registros (cadastro_id, valor, registro_data) 
    VALUES ('1', 7.06, '2021-09-17');
INSERT INTO registros (cadastro_id, valor, registro_data) 
    VALUES ('1', 3.36, '2021-09-17');
INSERT INTO registros (cadastro_id, valor, registro_data) 
    VALUES ('1', 5.94, '2021-09-17');
INSERT INTO registros (cadastro_id, valor, registro_data) 
    VALUES ('1', 3.19, '2021-09-17');
INSERT INTO registros (cadastro_id, valor, registro_data) 
    VALUES ('1', 4.74, '2021-09-17');
INSERT INTO registros (cadastro_id, valor, registro_data) 
    VALUES ('1', 6.5, '2021-09-18');
INSERT INTO registros (cadastro_id, valor, registro_data) 
    VALUES ('1', 10.87, '2021-09-19');
INSERT INTO registros (cadastro_id, valor, registro_data) 
    VALUES ('1', 3.45, '2021-09-19');
INSERT INTO registros (cadastro_id, valor, registro_data) 
    VALUES ('1', 20.25, '2021-09-19');
INSERT INTO registros (cadastro_id, valor, registro_data) 
    VALUES ('1', 3.52, '2021-09-19');
INSERT INTO registros (cadastro_id, valor, registro_data) 
    VALUES ('1', 3.75, '2021-09-20');
INSERT INTO registros (cadastro_id, valor, registro_data) 
    VALUES ('1', 2.25, '2021-09-20');
INSERT INTO registros (cadastro_id, valor, registro_data) 
    VALUES ('1', 6.35, '2021-09-20');
INSERT INTO registros (cadastro_id, valor, registro_data) 
    VALUES ('1', 16.45, '2021-09-20');

-- SELECIONAR TOTAL UBER POR DATA
select sum(valor) from registros 
where cadastro_id = '1'
and registro_data >= cast('2021-09-13' as DATE)
and registro_data <= cast('2021-09-20' as DATE);
